{
  "centroids": [
    [
      0.04258295014054435,
      -0.059900611306405824,
      0.1042549075621929,
      -0.01851613827362499,
      -0.033750656483746234,
      0.040626384034885506,
      -0.002028960753821898,
      0.052720403712809234,
      -0.045848038706638235,
      -0.028392278866435552
    ],
    [
      0.058733029149562556,
      0.043123192972848896,
      0.00860954460098367,
      0.005852855637868845,
      -0.10119146214559609,
      0.05454069922426281,
      0.07719724116349776,
      -0.07762702364779375,
      -0.015157881087813846,
      0.08840373498303351
    ],
    [
      -0.07782811358834058,
      0.07839183327865179,
      0.0035450267799492893,
      -0.011662875237223218,
      0.07040506450625446,
      -0.029627130671057603,
      -0.11950274713941014,
      0.08013202669538866,
      0.059998174846043896,
      -0.116256930007852
    ],
    [
      0.07136886002428774,
      -0.026592959416387493,
      -0.08428680217309101,
      0.004715950834738057,
      -0.05064179828770988,
      0.025336596700489034,
      -0.00873063430899143,
      0.011750100805943959,
      -0.0009966688736219962,
      -0.011526181228879828
    ],
    [
      -0.09531530031377411,
      -0.022803569961491573,
      -0.03129450951261874,
      0.01865846792294126,
      0.11094894467848829,
      -0.08728532291508061,
      0.046734713429351614,
      -0.06446461011828818,
      0.0067649057264228905,
      0.06250509616321494
    ]
  ],
  "scaler_mean": [
    1.5874737578726357,
    0.08254334810667915,
    0.6427957168405025,
    0.19704994913195767,
    0.46587122749198784,
    0.1400288724383581,
    0.3223754249052732,
    0.16331183812037905,
    0.5143127372641435,
    0.15906358678489413
  ],
  "scaler_scale": [
    0.6473371089211328,
    0.17792516618302706,
    0.31867791870526085,
    0.2077829917665947,
    0.2283821251597033,
    0.3791310409907506,
    0.17511179851205635,
    0.1434467227654977,
    0.15719918658714296,
    0.2788738494516819
  ],
  "feature_columns": [
    "news_count",
    "category_FOMC",
    "category_UCSB",
    "title_positive_prob",
    "title_negative_prob",
    "title_neutral_prob",
    "title_sentiment_score",
    "body_positive_prob",
    "body_negative_prob",
    "body_neutral_prob"
  ],
  "labels": [
    "rise_strong",
    "rise",
    "flat",
    "fall",
    "fall_strong"
  ],
  "quantile_thresholds": [
    -0.018765087885482656,
    0.0026558579626637445,
    0.01647805740428341,
    0.032867136989655245
  ],
  "horizon": 7,
  "window_days": 7
}