{
  "centroids": [
    [
      0.077377080867059,
      -0.06508154083126459,
      0.11098166290986552,
      -0.0783673343659831,
      -0.06610565451516862,
      0.1111695001531749,
      0.00837321131530319,
      0.1906454716105087,
      -0.23168553890573748,
      -0.032110406704210594
    ],
    [
      -0.08633159917681044,
      0.0701388217851125,
      0.0853921593942569,
      -0.017755986495677688,
      -0.05470294902253358,
      0.06168930739340946,
      0.031535609038046065,
      0.09182075960727516,
      -0.02759459894255845,
      -0.06964470851718908
    ],
    [
      -0.07484173093023481,
      0.0746143647121574,
      0.010371698505923963,
      0.027547192303936367,
      -0.09640667186442804,
      0.07085627474656879,
      0.08632147095900562,
      -0.09744416070000814,
      0.03726586087373427,
      0.06876165407310661
    ],
    [
      -0.021914540029781073,
      0.040192834492551496,
      0.010283842595763273,
      0.03694587681188447,
      0.03229723067908593,
      -0.05345048679124318,
      -0.004792123911496274,
      -0.06789371931573512,
      0.04407929085913328,
      0.03622453961248621
    ],
    [
      -0.009796491013711264,
      -0.14798406501504902,
      -0.14191499258037352,
      -0.13003253734942338,
      0.19904208491966277,
      -0.09921367931544998,
      -0.21644580314106904,
      -0.04890792761196574,
      0.08274328522906683,
      -0.006796644653727108
    ],
    [
      0.2072536251025439,
      -0.16245825505844796,
      -0.15287288370619695,
      0.019123185342041882,
      0.09821179025355191,
      -0.10254690347214847,
      -0.06328267366711657,
      0.07527999604635595,
      0.01636813733239714,
      -0.08225047572434742
    ]
  ],
  "scaler_mean": [
    1.5145369617183881,
    0.15886618784782894,
    0.62034442758494,
    0.1324668013874559,
    0.16399289631242184,
    0.7035403052663682,
    -0.03152609492496597,
    0.20614017452514216,
    0.15560416393534507,
    0.6382556614265605
  ],
  "scaler_scale": [
    0.5200384779456256,
    0.16351344603599577,
    0.24208148844960706,
    0.09659272872847753,
    0.13792498566853326,
    0.15010713483432808,
    0.1848641726260192,
    0.09915418828206479,
    0.06716035065124487,
    0.10411630130714583
  ],
  "feature_columns": [
    "news_count",
    "category_FOMC",
    "category_UCSB",
    "title_positive_prob",
    "title_negative_prob",
    "title_neutral_prob",
    "title_sentiment_score",
    "body_positive_prob",
    "body_negative_prob",
    "body_neutral_prob"
  ],
  "labels": [
    "rise_strong",
    "rise_mid",
    "rise",
    "neutral",
    "fall",
    "fall_strong"
  ],
  "fixed_thresholds": [
    -0.04,
    -0.02,
    0.02,
    0.04,
    0.06
  ],
  "horizon": 15,
  "window_days": 15
}