{
  "centroids": [
    [
      0.077377080867059,
      -0.06508154083126459,
      0.11098166290986552,
      -0.0783673343659831,
      -0.06610565451516862,
      0.1111695001531749,
      0.00837321131530319,
      0.01258307160827039,
      -0.07814447002662574,
      0.04597985969859458
    ],
    [
      -0.08633159917681044,
      0.0701388217851125,
      0.0853921593942569,
      -0.017755986495677688,
      -0.05470294902253358,
      0.06168930739340946,
      0.031535609038046065,
      -0.012376925527655335,
      0.06304007809558511,
      -0.03471299504948529
    ],
    [
      -0.07484173093023481,
      0.0746143647121574,
      0.010371698505923963,
      0.027547192303936367,
      -0.09640667186442804,
      0.07085627474656879,
      0.08632147095900562,
      -0.060335162658272976,
      -0.0045502970493946195,
      0.06795662391183224
    ],
    [
      -0.021914540029781073,
      0.040192834492551496,
      0.010283842595763273,
      0.03694587681188447,
      0.03229723067908593,
      -0.05345048679124318,
      -0.004792123911496274,
      0.023733620002314743,
      -0.04549376926790177,
      0.009228730131553873
    ],
    [
      -0.009796491013711264,
      -0.14798406501504902,
      -0.14191499258037352,
      -0.13003253734942338,
      0.19904208491966277,
      -0.09921367931544998,
      -0.21644580314106904,
      0.017033049545404515,
      0.03893410001189815,
      -0.04781797885622808
    ],
    [
      0.2072536251025439,
      -0.16245825505844796,
      -0.15287288370619695,
      0.019123185342041882,
      0.09821179025355191,
      -0.10254690347214847,
      -0.06328267366711657,
      0.03895994292956265,
      0.07928989122010942,
      -0.10194851557821874
    ]
  ],
  "scaler_mean": [
    1.5145369617183881,
    0.15886618784782894,
    0.62034442758494,
    0.1324668013874559,
    0.16399289631242184,
    0.7035403052663682,
    -0.03152609492496597,
    0.25632628120605183,
    0.17283331982127428,
    0.5708403985176299
  ],
  "scaler_scale": [
    0.5200384779456256,
    0.16351344603599577,
    0.24208148844960706,
    0.09659272872847753,
    0.13792498566853326,
    0.15010713483432808,
    0.1848641726260192,
    0.14386360940689752,
    0.10235311160705629,
    0.13458246814369448
  ],
  "feature_columns": [
    "news_count",
    "category_FOMC",
    "category_UCSB",
    "title_positive_prob",
    "title_negative_prob",
    "title_neutral_prob",
    "title_sentiment_score",
    "body_positive_prob",
    "body_negative_prob",
    "body_neutral_prob"
  ],
  "labels": [
    "rise_strong",
    "rise_mid",
    "rise",
    "neutral",
    "fall",
    "fall_strong"
  ],
  "fixed_thresholds": [
    -0.04,
    -0.02,
    0.02,
    0.04,
    0.06
  ],
  "horizon": 15,
  "window_days": 15
}