{
  "centroids": [
    [
      0.08255695179721703,
      0.019284452722160318,
      -0.09629650625952481,
      -0.1454953584487562,
      0.05285381545441806,
      -0.20092087734404765,
      -0.10769957224291825,
      -0.1711327899987864,
      0.19859521921681228,
      -0.12190129605431652
    ],
    [
      -0.013079947850869697,
      0.04729137618619262,
      -0.04557591682259624,
      -0.08757956228227816,
      -0.006182769922345351,
      0.00733157159888782,
      -0.15528794485916086,
      -0.05088795561077958,
      0.0005722634152607563,
      0.03206521748611121
    ],
    [
      -0.010553062625921265,
      -0.039610292101001504,
      -0.041595003749392206,
      -0.036416147656055484,
      -0.04109605597030932,
      0.033128410806246435,
      0.021578076926353065,
      -0.022312828043327584,
      -0.11685593215456834,
      0.05382766065201649
    ],
    [
      -0.077677597029674,
      0.044553101182015636,
      0.03512694118043759,
      0.04445084450941205,
      0.023533559026410925,
      0.06467858528127945,
      0.04805833227040271,
      0.05700819285666467,
      0.015511402011267796,
      -0.04231289160313765
    ],
    [
      -0.06384807738020434,
      0.08907179451087498,
      0.11630386240067181,
      0.10698580763671982,
      0.06476007571248539,
      0.03703502000780327,
      0.06559495661590882,
      0.20618563393560901,
      0.039856311603581725,
      -0.04033620137320749
    ],
    [
      0.12655832245108098,
      -0.1279867122662136,
      0.023340705546243908,
      0.07809726084284749,
      -0.05273194945160876,
      -0.04042951309401146,
      0.06638608147823755,
      -0.042154703825708184,
      -0.02527750440029593,
      0.0655359486149375
    ]
  ],
  "scaler_mean": [
    3.2320969125214414,
    2.199685534591194,
    -0.012714476604261254,
    0.00046187240685006937,
    0.9174707771443175,
    0.2826365065751857,
    0.0009386605427059788,
    -0.0004206110431379011,
    -0.00277081647343776,
    -0.0010390673127074494
  ],
  "scaler_scale": [
    2.2439058398024994,
    2.3092256298496223,
    0.13184994735654257,
    0.10769386954405512,
    0.7969782566861464,
    0.3702081102993008,
    0.048655495210934374,
    0.04613078942196878,
    0.04370332156375231,
    0.03552454096154518
  ],
  "feature_columns": [
    "news_count_5d",
    "days_since_news",
    "sentiment_gap",
    "sentiment_shock",
    "negative_news_spike_5d",
    "fomc_recent_5d",
    "body_emb_12",
    "body_emb_15",
    "body_emb_20",
    "body_emb_29"
  ],
  "labels": [
    "rise_strong",
    "rise_mid",
    "rise",
    "neutral",
    "fall",
    "fall_strong"
  ],
  "fixed_thresholds": [
    -0.02,
    -0.008,
    0.008,
    0.02,
    0.035
  ],
  "horizon": 5,
  "window_days": 5
}